Artist,Title,Manufacturing Label,Release Year,Quantity,Additional Information
10cc,Bloody Tourists,Polydor,1978,1,
A Foot in Cold Water,A Foot in Cold Water,Capitol,1972,1,
A.F.T.,Automatic Fine Tuning,Charisma,1976,1,
ABBA,Greatest Hits Vol. 2,Atlantic,1979,1,
ABBA,Voulez-Vous,Atlantic,1979,1,
AC/DC,Back in Black,Albert & Atlantic,1980,1,
AC/DC,Dirty Deeds Done Dirt Cheap,Atlantic,1976,1,
AC/DC,Fly on the Wall,Atlantic,1985,1,
AC/DC,For Those About to Rock,Atlantic,1981,1,
AC/DC,High Voltage,Atlantic,1976,1,
AC/DC,Highway to Hell,Atlantic,1979,1,
AC/DC,If You Want Blood,Atlantic,1978,1,
AC/DC,Let There Be Rock,Albert,1977,1,
AC/DC,Powerage,Atlantic,1978,1,
Aaron Neville,Orchid in the Storm,Passport,1985,1,
Aerosmith,Aerosmith,Columbia,1973,1,
Aerosmith,Greatest Hits,Columbia,1980,1,
Aerosmith,Rocks,Columbia,1976,1,
Ahmad Jamal,But Not For Me,Argo,1958,1,
Ahmad Jamal,Freeflight,Probe,1972,1,
Alabama,Feels So Right,RCA,1981,1,
Alabama,Mountain Music,RCA,1982,2,
Alabama Shakes,Boys & Girls,Ato,2012,1,
Alabama Shakes,Sound & Color,ATO,2015,1,
"Albert Collins, Johnny Copeland, and Robert Cray",Showdown!,Alligator,1985,1,
Albert King,King Albert,Tomato,1977,1,
Albert King,Masterworks,Atlantic & Deluxe,1982,1,
Alice Coltrane and Carlos Santana,Illuminations,Columbia,1974,1,
Alice Cooper,Alice Cooper Goes to Hell,Warner Bros.,1976,1,
Alice Cooper,Billion Dollar Babies,Warner Bros.,1973,1,
Alice Cooper,School's Out,Warner Bros.,1972,1,
Amon Tobin,ISAM,Ninja Tune,2011,1,
Andy Griffith,Frosty's Winter Wonderland,Disneyland,1976,1,
Anthony Braxton and Muhal Richard Abrams,Duets 1976,Arista,1976,1,
Aquarelle,Live À Montreux,Atlantic,1979,1,
Aretha Franklin,Aretha Arrives,Atlantic,1967,1,
Arlo Guthrie,Hobo's Lullaby,Reprise,1971,1,
Atlanta Rhythm Section,A Rock and Roll Alternative,Polydor,1976,1,
Atlanta Rhythm Section,Third Annual Pipe Dream,Polydor,1974,1,
Atlantis,It's Getting Better!,Vertigo,1967,1,
Azteca,Azteca,Columbia,1972,1,
B.B. King,B.B. King In London,ABC,1971,1,
B.B. King,Indianola Mississippi Seeds,ABC,1970,1,
B.B. King,King of the Blues,WaxTime,2014,1,Re-release version
B.B. King,King of the Blues,Vinyl Lovers,2018,1,
B.B. King,Live at the Regal,MCA,1964,1,
B.B. King,Love Me Tender,MCA,1982,1,
B.B. King,Lucille Talks Back,ABC,1975,1,
B.B. King,Selections From: Ladies & Gentlemen... Mr. B.B. King,Universal Music Group International,2015,1,
B.B. King,Singin' the Blues,Waxtime,2015,1,Re-release version
B.B. King and Bobby Bland,Together for the First Time... Live,ABC,1974,1,
Babe Ruth,First Base,Harvest,1972,1,
Bachman-Turner Overdrive,Not Fragile,Mercury,1974,1,
Bad Company,Straight Shooter,Swan Song,1975,1,
Banco,Banco,Manticore,1975,1,
Barry White,Barry White's Greatest Hits,Century,1975,1,
Beastie Boys,Hello Nasty,Grand Royal,1998,1,
Beck,Guerolito,Interscope,2005,1,
Bee Gees,2 Years On,Atco,1970,1,
Bee Gees,Greatest,RSO,1979,2,
Benny Goodman,Let's Dance,Pickwick,0,1,
Benny Goodman,Swing into Spring,Columbia,1958,1,
Big Youth,Higher Grounds,VP,1995,1,
Bill Cosby,Himself,Motown,1982,1,
Bill Withers,Live at Carnegie Hall,Sussex,1973,1,
Bill Withers,The Best of Bill Withers,Sussex,1975,1,
Billy Joel,52nd Street,Columbia,1978,2,
Billy Joel,Cold Spring Harbor,Family Productions,1971,1,
Billy Joel,Glass Houses,Columbia,1980,2,
Billy Joel,Piano Man,Columbia,1973,1,
Billy Ocean,Suddenly,Quality,1984,1,
Billy Preston,I Wrote a Simple Song,A&M,1971,1,
Billy Squier,Emotions in Motion,Capitol,1982,1,
Billy Vaughn,Sail Along Silv'ry Moon,Quality,1959,1,
Bing Crosby and Louis Armstrong,Bing & Louis,Ringside,1967,1,
Black Merda,Black Merda,Chess,1970,1,
Black Sabbath,13,Vertigo,2013,1,
Black Sabbath,Black Sabbath,Warner Bros.,1970,1,
Black Sabbath,Master of Reality,Vertigo,1971,1,
Black Sabbath,Paranoid,Warner Bros.,1970,1,
Black Sabbath,Sabbath Bloody Sabbath,Vertigo,1973,1,
Black Sabbath,The End (4 February 2017 - Birmingham),Eagle,2017,1,
Blind Lemon Jefferson,The Collection Jefferson - 20 Blues Greats,Deja Vu,1986,1,
Blondie,AutoAmerican,Chrysalis,1980,1,
Blondie,Parallel Lines,Chrysalis,1978,1,
"Blood, Sweat & Tears","Blood, Sweat & Tears 3",Columbia,1970,1,
"Blood, Sweat & Tears","Blood, Sweat & Tears 4",Columbia,1971,1,
"Blood, Sweat & Tears",Child Is Father to the Man,Columbia,1968,1,
Blue Rodeo,The Things We Left Behind,Warner Music Canada,2009,1,
Bo Diddley,Another Dimension,Chess,1971,1,
Bob & Doug McKenzie,Great White North,Anthem,1981,2,
Bob Dylan,At Budokan,Columbia,1978,2,
Bob Dylan,Blonde on Blonde,Columbia,1966,3,
Bob Dylan,Bob Dylan's Greatest Hits Volume II,Columbia,1971,1,
Bob Dylan,Desire,Columbia,1975,2,
Bob Dylan,Dylan,Columbia,1973,1,
Bob Dylan,Empire Burlesque,Columbia,1985,1,
Bob Dylan,Greatest Hits,Columbia,1967,1,
Bob Dylan,Hard Rain,Columbia,1976,2,
Bob Dylan,Highway 61 Revisited,Columbia,1985,1,
Bob Dylan,Infidels,Columbia,1983,2,
Bob Dylan,Modern Times,Columbia,2006,2,
Bob Dylan,Nashville Skyline,Columbia,1969,2,
Bob Dylan,New Morning,Columbia,1970,1,
Bob Dylan,Pat Garrett & Billy the Kid,Columbia,1973,1,
Bob Dylan,Planet Waves,Asylum,1974,2,
Bob Dylan,Saved,Columbia,1980,2,
Bob Dylan,Self Portrait,Columbia,1970,2,
Bob Dylan,Shot of Love,CBS,1981,1,
Bob Dylan,Slow Train Coming,Columbia,1979,3,
Bob Dylan,Street-Legal,Columbia,1978,2,
Bob Dylan,The Freewheelin' Bob Dylan,Columbia,1963,1,
Bob Dylan,Together Through Life,Columbia,2009,1,
Bob Dylan and The Band,Before the Flood,Asylum,1974,2,
Bob Dylan and The Band,The Basement Tapes,Columbia,1975,2,
Bob Marley and The Wailers,Babylon By Bus,Tuff Gong & Island,1978,2,
Bob Marley and The Wailers,Buffalo Soldier,Island & Tuff Gong,1983,1,
Bob Marley and The Wailers,"In Dub, Vol. 1",Island,2012,1,
Bob Marley and The Wailers,Legend,Island & Tuff Gong,1984,2,
Bob Marley and The Wailers,Live!,Island,1975,1,
Bob Marley and The Wailers,Natty Dread,Island & Tuff Gong,1974,2,
Bob Marley and The Wailers,Rastaman Vibration,Island,1976,1,
Bob Marley and The Wailers,The Birth of a Legend,Calla,1976,1,
Bob Marley and The Wailers,The Lee Perry Sessions,Sky,1983,1,
Bob Marley and The Wailers,Uprising,Island & Tuff Gong,1980,2,
Bob Seger,Smokin' O.P.'s,Capitol,1972,1,Re-released version
Bob Seger & The Silver Bullet Band,Against the Wind,Capitol,1980,2,
Bob Seger & The Silver Bullet Band,Like a Rock,Capitol,1986,1,
Bob Seger & The Silver Bullet Band,Live Bullet,Capitol,1976,2,
Bob Seger & The Silver Bullet Band,Night Moves,Capitol,1976,1,
Bob Seger & The Silver Bullet Band,Nine Tonight,Capitol,1981,2,
Bob Seger & The Silver Bullet Band,Stranger in Town,Capitol,1978,1,
Bob Seger & The Silver Bullet Band,The Distance,Capitol,1982,1,
Bob Wilson,Songs and Stories of the Great Wild West,Lion,0,1,
Bobby Hutcherson,Cirrus,Blue Note,1974,1,
Boney M.,Nightflight to Venus,Atlantic,1978,1,
Boney M.,Oceans of Fantasy,Atlantic,1979,2,
Boney M.,Take the Heat Off Me,Atco,1976,1,
Bonnie Raitt,Home Plate,Warner Bros.,1975,1,
Bonnie Raitt,Luck of the Draw,Capitol,1991,1,
Brenda Lee,Brenda Lee,Decca,1960,1,
Bruce Springsteen,Born in the U.S.A.,Columbia,1984,1,
Bruce Springsteen,"Greetings from Asbury Park, N.J.",Columbia,1973,1,
Bruce Springsteen,Nebraska,Columbia,1982,1,
Bruce Springsteen,The River,Columbia,1980,1,
Bruce Springsteen,Working on a Dream,Columbia,2009,1,
Buckingham Nicks,Buckingham Nicks,Quality,1975,1,
Buddy Guy and Junior Wells,Buddy Guy & Junior Wells Play the Blues,Atco,1972,1,
Buddy Guy and Junior Wells,Chicago Blues Festival 1964,Dol,2015,1,
Buddy Holly,A Rock & Roll COllection,MCA,1972,1,
Buddy Holly,Buddy Holly,Coral,1958,1,
Buddy Holly,Buddy Holly's Greatest Hits,Coral,1967,1,
Buddy Holly,Giant,Coral,1969,1,
Buddy Holly,Greatest Hits,MCA,0,1,
Buffalo Springfield,Buffalo Springfield,Atco,1966,1,
Buffalo Springfield,Buffalo Springfield Again,Atco,1967,1,
Burl Ives,The Best of Burl Ives Vol. II,MCA,1975,1,
Burl Ives,Walt Disney Presents Burl Ives' Animal Folk,Disneyland,1963,1,
Burnt River Band,Recorded Live At Carlton Harley Davidson,Crossroad,2016,1,
Burton Cummings,Sweet Sweet,Epic,1981,1,
Burton Cummings,The Best of Burton Cummings,Columbia,1980,1,
Burton Cummings,Woman Love,Epic,1980,1,
Byrds,Byrds,Asylum,1973,1,
Byron Lee & The Dragonaires,Reggae Hits,Dynamic Sounds,1978,1,
Cactus,Cactus,ATCO,1970,1,
Canned Heat,Future Blues,Liberty,1970,1,
Canned Heat and John Lee Hooker,Hooker 'N Heat,Liberty,1971,1,
Captain Beefheart and The Magic Band,Doc at the Radar Station,Virgin,1980,1,
Carlos Montoya,Carlos Montoya,RCA,1960,3,
Carlos Santana and Buddy Miles,Carlos Santana and Buddy Miles Live!,Columbia,1972,1,
Cat Stevens,Mona Bone Jakon,A&M,1970,1,
Cat Stevens,Tea for the Tillerman,A&M,1970,1,
Chango,Chango,ABC,1975,1,
Charles M. Schulz,A Charlie Brown Christmas,Charlie Brown,1977,1,
Charles Mingus,The Great Concert of Charles Mingus,America,1971,1,
Charles Munch and the Boston Symphony Orchestra,Symphony No. 5 Beethoven and Symphony No. 8 Schubert,RCA,1972,1,
Charlie Byrd Trio,Byrd at the Gate,Riverside,1968,1,
Charlie Daniels,Honey in the Rock,Kama Sutra,1973,1,
Charlie Daniels,"Te John, Grease, & Wolfman",Epic,1972,1,
Charlie Mingus,Tijuana Moods,RCA,1962,1,
Charlie Rich,Behind Closed Doors,Columbia,1973,1,
Charlie Watts,Charlie Watts Meets The Radio Big Band,Impulse!,2017,1,
Cheech & Chong,Big Bambu,Ode,1972,1,
Cheech & Chong,Cheech & Chong,Ode,1971,1,
Cheech & Chong,Cheech & Chong's Wedding Album,Ode,1974,1,
Cheech & Chong,Los Cochinos,Ode,1973,1,
Cheech & Chong,Sleeping Beauty,A&M,1976,1,
Cheech & Chong,Up in Smoke,Warner Bros.,1978,1,
Chet Atkins,The First Nashville Guitar Quartet,RCA,1979,1,
Chicago,Chicago,Columbia,1970,2,
Chris Stapleton,From a Room Volume 1,Mercury,2017,1,
Chris Stapleton,From a Room Volume 2,Mercury,2017,1,
Chuck Mangione,Bellavia,A&M,1975,1,
Chuck Mangione,Feels So Good,A&M,1977,1,
Chuck Mangione,Friends & Love... A Chuck Mangione Concert,Mercury,1970,1,
Chuck Mangione,Land of Make Believe,Mercury,1973,2,
Chuck Mangione,Together,Mercury,1973,1,
Clark Hutchinson,A=MH²,Decca,1969,1,
Climax Jazz Band,Direct to Disk,Labyrinth,1977,1,
Colosseum,Those Who Are About to Die Salute You,Dunhill,1969,1,
Commodores,Commodores,Motown,1977,1,
Connie Francis,At the Copa,MGM,1961,1,
Conway Twitty,I Wonder What She'll Think ABout Me Leaving,Decca,1971,1,
Count Basie and Duke Ellington,First Time! The Count Meets The Duke,Columbia,1961,1,
Crazy Horse,At Crooked Lane,Epic,1972,1,
Cream,Best of Cream,RSO,1973,1,
Cream,Disraeli Gears,Reaction,1967,1,
Cream,Live Cream,Polydor,1970,1,
Creedence Clearwater Revival,Cosmo's Factory,Fantasy,1970,2,
Creedence Clearwater Revival,Green River,Fantasy,1969,1,
Crosby & Nash,The Best of Crosby & Nash,ABC,1978,1,
Crosby & Nash,Wind on the Water,ABC,1975,1,
"Crosby, Stills, Nash & Young",American Dream,Atlantic,1988,1,
"Crosby, Stills, Nash, & Young",4 Way Street,Atlantic,1971,2,
"Crosby, Stills, Nash, & Young",Déjà Vu,Atlantic,1970,2,
"Crosby, Stills, Nash, & Young",So Far,Atlantic,1974,1,
"Crosby, Stills, and Nash","Crosby, Stills, and Nash",Atlantic,1977,2,
Crosby-Nash,Live,ABC,1977,1,
Crosby-Nash,Whistling Down the Wire,ABC,1976,1,
Culture,Humble African,VP,2000,1,
Curtis Mayfield,Back to the World,Curtom,1973,1,
Daft Punk,Random Access Memories,Columbia,2013,1,
Dakota Staton,"The Late, Late Show",Capitol,1957,1,
Dany Laj,The Match,Sylvanite,2010,1,
David Allan Coe,For the Record - The First 10 Years,Columbia,1984,1,
David Allan Coe,Hello In There,Columbia,1983,1,
David Allan Coe,Human Emotions,Columbia,1978,1,
David Allan Coe,Tennessee Whiskey,Columbia,1981,1,
David Bowie,Changesonebowie,RCA,1976,1,
David Bowie,David Live,RCA,1974,1,
David Bowie,Diamond Dogs,RCA,1974,1,
David Bowie,Low,RCA,1977,1,
David Bowie,The Man Who Saved the World,RCA,1972,1,Alternate Cover Version (Later Release)
David Bowie,The Rise and Fall of Ziggy Stardust and the Spiders from Mars,RCA,1972,1,
David Crosby,If I Could Only Remember My Name,Atlantic,1971,1,
David Crosby,Oh Yes I Can,A&M,1989,1,
David Gilmour,About Face,Columbia,1984,1,
David Gilmour,David Gilmour,Columbia,1978,2,
David Gilmour,Rattle That Lock,Columbia,2015,1,
David Lindley,El Rayo-X,Asylum,1981,1,
David Lindley and El Rayo-X,Very Greasy,Elektra & Asylum,1988,1,
David Lindley and El Rayo-X,Win This Record,Elektra & Asylum,1982,1,
David Wilcox,Breakfast at the Circus,Capitol,1987,1,
David Wilcox,My Eyes Keep Me in Trouble,Capitol,1983,1,
David Wilcox,Out of the Woods,Capitol,1983,1,
David Wilcox,The Best of David Wilcox,Capitol,1985,1,
Deadmau5,4x4=12,Mau5trap,2010,1,
Dean Martin,Somewhere There's a Someone,Reprise,1966,1,
Deep Purple,Fireball,Warner Bros.,1971,1,
Deep Purple,Made in Japan,Warner Bros.,1973,1,
Deep Purple,Purple Passages,Warner Bros.,1972,1,
Deep Purple,The Anthology,Harvest,1985,1,
Deep Purple,The Best of Deep Purple,Scepter,1972,1,
Delaney & Bonnie & Friends,Motel Shot,Atco,1971,1,
Delaney & Bonnie & Friends,TO Bonnie From Delaney,Atco,1970,1,
Delaney & Bonnie & Friends and Eric Clapton,On Tour,Atco,1970,1,
Della Reese,Della,RCA,1960,1,
Deodato,Deodato 2,CTI,1973,1,
Deodato/Airto,In Concert,CTI,1974,1,
Derek and the Dominos,Layla And Other Assorted Love Songs,Polydor,1972,1,
Dick Johnson and The Dave McKenna Rhythm Section,Spider's Blues,Concord Jazz Inc.,1980,1,
Dire Straits,Alchemy: Dire Straits Live,Virtigo & Warner Bros.,1984,1,
Dire Straits,Brothers in Arms,Vertigo & Warner Bros.,1985,2,
Dire Straits,Communiqué,Vertigo & Warner Bros.,1979,1,
Dire Straits,Dire Straits,Vertigo & Warner Bros.,1978,1,
Dire Straits,Love Over Gold,Vertigo,1982,2,
Dire Straits,Making Movies,Mercury,1980,1,
Dizzy Gillespie,Souled Out,GWP,1970,1,
Django Reinhardt and Stephane Grappelli,Quintet of the Hot Club of France,Angel,1974,1,
"Dolly Parton, Linda Ronstadt, and Emmylou Harris",Trio,Warner Bros.,1987,1,
Don Randi Trio + 1,At the Baked Potato,Poppy,1972,1,
Donna Summer,Live and More,Casablanca,1978,1,
Donovan,A Gift From a Flower to a Garden,Epic,1967,1,
Donovan,Barabajagal,Epic,1969,1,
Donovan,Donovan's Greatest Hits,Epic,1969,1,
Doug Kershaw,Alive & Pickin',Warner Bros.,1975,1,
Doug Kershaw,Spanish Moss,Warner Bros.,1970,1,
Doug Kershaw,The Cajun Way,Warner Bros.,1969,2,
Downchild,"But, I'm on the Guest List",Attic,1982,1,
Downchild,So Far - A Collection of Our Best,Posterity,1977,1,
Dr. Dre,2001,Aftermath,1999,1,
Dr. Dre,The Chronic,Death Row,2001,2,
Dr. Hook,Bankrupt,Capitol,1975,1,
Dr. Hook,Greatest Hits,Capitol,1980,1,
Dr. Hook,Pleasure and Pain,Capitol,1978,1,
Dr. Hook,Sometimes You Win,Capitol,1979,1,
Dr. Hook & the Medicine Show,Doctor Hook,Columbia,1971,2,
Dr. John,In a Sentimental Mood,Warner Bros.,1989,1,
Dr. John,In the Right Place,Atco,1973,1,
Dr. Seuss,"Dr. Seuss Presents ""Horton Hatches The Egg"", ""The Sneetches"" And Other Stories",RCA Camden,1964,1,
Dr. Seuss,How The Grinch Stole Christmas,Random House,1975,1,
Duane Allman,An Anthology,Capricorn,1972,1,
Duane Allman,An Anthology Vol. II,Capricorn,1974,1,
Dudu Pukwana,Diamond Express,Arista,1977,1,
Duke Ellington,Duke Ellington's Band Shorts (1929-1935),Biograph,1978,1,
Duke Ellington,Ellington Indigos,Columbia,1958,1,
Duke Ellington,Ellington at Newport,Columbia,1957,1,
Duke Ellington,This is Duke Ellington,RCA,1971,1,
Duke and The Count,Best of Duke Ellington and Count Basie,Starpark,1979,1,
Dutch Mason Blues Band,Special Brew,Attic,1980,1,
Dwight Yoakam,"Guitars, Cadillacs, Etc., Etc.",Reprise,1986,1,
Eagles,Desperado,Asylum,1973,2,
Eagles,Eagles Live,Asylum,1980,2,
Eagles,Greatest Hits Volume 2,Asylum,1982,1,
Eagles,Hotel California,Asylum,1976,1,
Eagles,On the Border,Asylum,1974,2,
Eagles,One of these Nights,Asylum,1975,2,
Eagles,The Long Run,Asylum,1979,2,
Eagles,Their Greatest Hits,Elektra & Asylum,1976,1,
Eartha Kitt,Down to Eartha,RCA,1955,1,
Eartha Kitt,Revisited,Kapp,1960,1,
"Eddie ""Lockjaw"" Davis and Harry ""Sweets"" Edison","Eddie ""Lockjaw"" Davis, Harry ""Sweets"" Edison*, John Darvilles Quartet with Kenny Drew Vol. 1",Storyville,1978,1,
Eddy Grant,Killer on the Rampage,Portrait,1982,1,
El Chicano,Celebration,Kapp,1972,1,
El Chicano,El Chicano,MCA,1973,1,
El Chicano,Revolución,Kapp,1977,1,
Ella Fitzgerald,The Best of Ella Fitzgerald,MCA,1973,1,
Elton John,"Don't Shoot Me, I'm Only the Piano Player",MCA,1973,1,
Elton John,Elton John,DJM,1970,1,
Elton John,Goodbye Yellow Brick Road,MCA,1973,1,
Elton John,Honky Chateau,Uni,1972,1,
Elton John,Madman across the Water,Uni,1971,1,
Elton John,Tumbleweed Connection,Uni,1970,1,
Elvin Bishop,Let It Flow,Capricorn,1974,1,
Elvis,"A Legendary Performer, Volume 1",RCA,1973,1,
Elvis,Elvis Sings for Children and Grownups too!,RCA,1978,1,
Elvis,Elvis's Golden Records Volume 3,RCA,1963,1,
Elvis,From Elvis in Memphis,RCA,1969,1,
Elvis Presley,A Date with Elvis,RCA,1959,1,
Elvis Presley,Aloha from Hawaii via Satellite,RCA,1973,1,
Elvis Presley,Blue Christmas,RCA,1976,1,
Elvis Presley,Blue Hawaii,RCA,1961,1,
Elvis Presley,Elvis,RCA,1973,1,
Elvis Presley,Elvis Presley Recorded at Madison Square Garden,RCA,1972,1,
Elvis Presley,Elvis' Christmas Album,RCA Victor,1959,2,First reissue edition.
Elvis Presley,Elvis' Christmas Album,RCA Camden,1970,1,Second reissue version.
Elvis Presley,G.I. Blues,RCA,1960,1,
Elvis Presley,Girl Happy,RCA,1965,1,
Elvis Presley,Inspirations,RCA,1981,1,
Elvis Presley,Speedway,RCA,1977,1,
Elvis Presley,Spinout,RCA,1966,1,
Elvis Presley,The Hits of Elvis Presley,RCA,1977,1,
Emmylou Harris,Elite Hotel,Reprise,1975,1,
Emmylou Harris,Pieces of the Sky,Warner Bros.,1975,1,
Emmylou Harris,Quarter Moon in a Ten Cent Town,Warner Bros.,1978,1,
Eric Burdon and The Animals,Eric is Here,MGM,1967,1,
Eric Burdon and The Animals,The Greatest Hits of Eric Burdon and The Animals,Polydor,1974,2,
Eric Burdon and War,"Eric Burdon Declares ""War""",MGM,1970,1,
Eric Burdon and War,The Black-Man's Burdon,MGM,1970,1,
Eric Clapton,461 Ocean Boulevard,RSO,1974,3,
Eric Clapton,Another Ticket,RSO,1981,1,
Eric Clapton,At His Best,Polydor,1972,1,
Eric Clapton,Backless,RSO,1978,1,
Eric Clapton,Behind the Sun,Duck,1985,1,
Eric Clapton,E.C. Was Here,RSO,1975,1,
Eric Clapton,Eric Clapton,Polydor,1970,1,
Eric Clapton,Eric Clapton's Rainbow Concert,RSO,1973,1,
Eric Clapton,Just One Night,RSO,1980,2,
Eric Clapton,Money and Cigarettes,Warner Bros.,1983,1,
Eric Clapton,No Reason to Cry,RSO,1976,3,
Eric Clapton,There's One in Every Crowd,RSO,1975,1,
Eric Clapton and John Mayall's Bluesbreakers,Steppin' Out,Decca,1981,1,
"Eric Clapton, Steve Winwood, Ginger Baker, and Rick Grech",Blind Faith,Polydor,1969,1,
Ernest Tubb,The Legend and the Legacy,Cachet,1979,1,
Eugene Smith and The Warm Up Band,Warmin' Up,Warm Up,1981,1,
Fats Domino,The Legendary Music Man Fats Domino,Candelite,1976,1,
Feliciano,10 to 23,RCA,1989,1,
Flat & Scruggs,The Best of Flat & Scruggs,Columbia House,1973,1,
Fleetwood Mac,Bare Trees,Reprise,1972,1,
Fleetwood Mac,English Rose,Epic,1969,2,
Fleetwood Mac,Fleetwood Mac,Warner Bros.,1975,1,
Fleetwood Mac,Fleetwood Mac in Chicago,"Blue Horizon, Epic, & Sire",1969,1,
Fleetwood Mac,Live at the Boston Tea Party (Fleetwood Mac in Concert),Vinyl Lovers,2009,1,
Fleetwood Mac,Mr. Wonderful,Music on Vinyl,2013,1,
Fleetwood Mac,Rumours,Warner Bros.,1977,1,
Focus,In and Out of Focus,Sire,1973,1,
Four Tops,Live!,Tamla Motown,1967,1,
Frank Sinatra,Sinatra's Sinatra,Reprise,1963,1,
Frank Sinatra,Songs for Swingin' Lovers,Capitol,1956,1,
Frank Sinatra,Strangers in the Night,Reprise,1966,1,
Frank Sinatra and Count Basie,It Might As Well Be Swing,Reprise,1964,1,
Frank Zappa,Hot Rats,Bizarre,1969,1,
Frank Zappa,Joe's Garage Act I,Zappa,1979,2,
Frank Zappa,Sheik Yerbouti,Zappa,1979,1,
Frank Zappa,Zappa in New York,DiscReet,1978,1,
Frank Zappa,Zoot Allures,Warner Bros.,1976,1,
Frank Zappa and The Mothers of Invention,Roxy & Elsewhere,DiscReet,1974,1,
"Frank Zappa, The Mothers of Invention, and Captain Beefheart",Bongo Fury,DiscReet,1975,1,
Frankie Laine and Buck Clayton,Jazz Spectacular,Columbia,1956,1,
Fred Penner,The Cat Came Back,Troubadour,1980,1,
Freddie Hubbard,Echoes of Blue,Atlantic,1976,1,
Freddie Hubbard,First Light,CTI,1971,1,
Frijid Pink,Earth Omen,MGM,1972,1,
Gary Clark Jr.,Blak and Blu,Warner Bros.,2012,1,
Gary Wright,The Dream Weaver,Warner Bros.,1975,2,
Genesis,Genesis,Charisma & Virgin,1983,1,
George Harrison,All Things Must Pass,Apple,1970,1,
George Harrison,Cloud Nine,Dark Horse,1987,1,
George Harrison,Extra Texture (Read All About It),Apple,1975,1,
George Harrison,Somewhere in England,Dark Horse,1981,1,
George Harrison,The Best of George Harrison,Capitol,1976,2,Alternative Cover
George Hurst,Beethoven Symphony No. 3 Eroica,unknown,0,1,
George Jones,Music is My Life,K-Tel,1982,1,
George Jones and Johnny Paycheck,Double Trouble,Epic,1980,1,
George Jones and Tammy Wynette,Greatest Hits,Epic,1977,1,
George Thorogood and The Destroyers,Maverick,EMI,1985,1,
George Thorogood and The Destroyers,More George Thorogood and The Destroyers,Rounder,1980,1,
George Thorogood and The Destroyers,Move It On Over,Rounder,1978,1,
Gerry Rafferty,City to City,United Artists,1978,1,
Gladys Knight & The Pips,I Heard it Through the Grape-Vine!,Pickwick,1975,1,
Gladys Knight & The Pips,Presenting Gladys Knight & The Pips,Buddah,1974,1,
Glenn Frey,No Fun Aloud,Asylum,1982,1,
Go,Go,Island,1976,1,
Gogol Bordello,Trans-Continental Hustle,American Recordings,2010,1,
Golden Butter,The Best of The Paul Butterfield Blues Band,Elektra,1972,1,
Goose Creek Symphony,Do Your Thing But Don't Touch Mine,Columbia,1974,1,
Gordon Lightfoot,Gord's Gold,Warner Bros.,1975,1,
Gordon Lightfoot,Lightfoot!,United Artists,1966,1,
Gordon Lightfoot,Sundown,Reprise,1974,1,
Gordon Lightfoot,The Very Best of Gordon Lightfoot,United Artists,1975,1,
Gov't Mule,Dark Side of the Mule,Evil Teen,2014,1,
Gov't Mule and John Scofield,Sco-Mule,Provogue,2015,1,
Grace Jones,Island Life,Island,1985,1,
Graham Nash,Songs for Beginners,Atlantic,1975,1,
Graham Parker and The Rumour,Howlin' Wind,Vertigo,1976,1,
Graham Parker and The Rumour,Stick to Me,Mercury,1977,1,
Grand Funk Railroad,Caught in the Act,Capitol,1975,1,
Grand Funk Railroad,Live Album,Capitol,1970,1,
Grateful Dead,Go to Heaven,Arista,1980,1,
Grateful Dead,"Houston, Texas 11-18-1972",Rhino,2014,1,
Grateful Dead,Workingman's Dead,Warner Bros.,1970,1,
Gregg Allman,Laid Back,Capricorn,1973,1,
Gregg Allman,Southern Blood,Rounder,2017,1,
Gregg Allman,The Gregg Allman Tour,Capricorn,1974,1,
Guy Lombardo,Sweet & Heavenly,Cosmic,1967,1,
Guy Lombardo and His Royal Canadians,New Year's Eve with Guy Lombardo and His Royal Canadians,MCA,1980,1,Reissue
Hal Holbrook,Highlights From The CBS Television Network Special Mark Twain Tonight!,Unknown,,1,
Hank Williams,Hank Williams,Ringside,1966,1,
Hank Williams,The Collector's Hank Williams Vol. 1,MGM,1978,1,
Hank Williams,The Lonesome Legend,MGM,1980,1,
Hank Williams,The Very Best of Hank Williams,MGM,1963,1,
Hank Williams Jr.,Born to Boogie,Warner Bros.,1979,1,
Hank Williams Jr.,Five-O,Warner Bros.,1985,1,
Hank Williams Jr.,Hank Williams Jr.'s Greatest Hits,Elektra,1982,1,
Hank Williams Jr.,"Hank Williams, Jr. And Friends",MGM,1975,1,
Hank Williams Jr.,Major Moves,Warner Bros.,1984,2,
Hank Williams Jr.,Memories of Hank Williams Jr.,Quality,1973,1,
Hank Williams Jr.,Montana Cafe,Warner Bros.,1986,1,
Hank Williams Jr.,Strong Stuff,Elektra,1983,1,
Hank Williams Jr.,The Pressure is On,Elektra,1981,2,
Harry Belafonte,Harry Belafonte,TeeVee,1974,1,
Heart,Bébé le Strange,Epic,1980,1,
Heart,Dreamboat Annie,Mushroom,1975,1,
Heart,Greatest Hits/Live,Epic,1980,1,
Heart,Little Queen,Portrait,1979,1,
Heart,Magazine,Mushroom,1977,1,
Herbie Hancock,Fat Albert Rotunda,Warner Bros.,1969,1,
Herbie Hancock,Feets Don't Fail Me Now,Columbia,1979,1,
Herbie Hancock,Head Hunters,Columbia,1973,1,
Herbie Hancock,Thrust,Columbia,1974,1,
Herbie Hancock,You Bet Your Love,London,1979,1,Single
Hot Tuna,Hoppkorv,Grunt,1976,1,
Hot Tuna,Yellow Fever,Grunt,1975,1,
Howlin' Wolf,His Greatest Sides Volume One,Chess,1984,1,
Howlin' Wolf,The London Howlin' Wolf Sessions,Chess,1971,1,
Huey Lewis and the News,Sports,Chrysalis,1983,3,
Humble Pie,Rockin' The Filmore,A&M,1971,1,
Ian Hunter,You're Never Alone with a Schizophrenic,Chrysalis,1979,1,
Idris Muhammad,Turn This Mutha Out,Kudu,1977,1,
Ike and Tina Turner,Get Back!,Liberty,1985,1,
Ike and Tina Turner,Outta Season,Blue Thumb,1968,1,
Ike and Tina Turner,The Hunter,Blue Thumb,1969,1,
Iron Butterfly,Ball,Atco,1969,1,
Iron Butterfly,In-A-Gadda-Da-Vida,Atco,1968,1,
Iron Butterfly,Metamorphosis,Atco,1970,1,
J.J. Cale,#8,Polygram,1983,1,
J.J. Cale,5,MCA,1979,1,
J.J. Cale,Grasshopper,Mercury,1982,1,
J.J. Cale,Naturally,Polygram,1972,3,
J.J. Cale,Okie,Shelter,1974,2,
J.J. Cale,Really,Shelter,1972,1,
J.J. Cale,Shades,Shelter,1981,1,
J.J. Cale,Special Edition,Mercury,1984,1,
J.J. Cale,Troubadour,Shelter,1976,2,
Jack Nicholson and Bobby McFerrin,The Elephant's Child,Rabbit Ears Productions,1987,1,
Jack White,Boarding House Reach,Third Man,2018,1,
James Brown,Prisoner of Love,King,1963,1,
James Brown & The Famous Flames,Cold Sweat,King,1967,1,
James Cotton Blues Band,Taking Care of Business,Capitol,1971,1,
James Gang,Live in Concert,ABC,1971,1,
James Gang,Miami,Atco,1974,1,
James Gang,Rides Again,ABC,1970,1,
James Gang,Straight Shooter,ABC,1972,1,
James Gang and Joe Walsh,The Best of the James Gang,ABC,1973,1,
James Taylor,Sweet Baby James,Warner Bros.,1970,1,
Jan & Dean,Drag City,Liberty,1963,1,
Jan & Dean,Folk 'n Roll,Liberty,1965,1,
Jan & Dean,Surf City and Other Swingin' Cities,Liberty,1963,1,
Jan & Dean,The Jan & Dean Story,K-Tel,1979,1,
Jane's Addiction,Live in NYC,unknown,2013,1,
Janis Joplin,I Got Dem Ol' Kozmic Blues Again Mama!,Columbia,1969,1,
Janis Joplin,Pearl,Columbia,1971,2,
Janis Joplin with Big Brother and the Holding Company,Live at Winterland '68,Columbia,1998,1,
Jeff Beck,Beck-Ola,Epic,1969,1,
Jeff Beck,Blow By Blow,Epic,1975,1,
Jeff Beck,Live At Ronnie Scott's,Eagle,2015,1,
Jeff Beck & Jan Hammer,Jeff Beck And The Jan Hammer Group Live,Epic,1977,1,
Jeff Beck Group,Rough and Ready,Epic,1971,1,
Jefferson Starship,Red Octopus,Grunt,1975,1,
Jellyroll,Jellyroll,Kapp,1971,1,
Jerry Garcia,Garcia,Warner Bros.,1972,1,
Jerry Garcia,Reflections,Round,1976,1,
Jerry Jeff Walker,Contrary to Ordinary,MCA,1978,1,
Jerry Jeff Walker,It's a Good Night for Singin',MCA,1976,1,
Jerry Jeff Walker,¡Viva Terlingua!,MCA Nashville,1973,1,
Jerry Lee Lewis,Roll Over Beethoven,Pickwick,1972,1,
Jerry Lee Lewis,She Even Woke Me Up to Say Goodbye,Smash,1970,1,
Jerry Lee Lewis,Southern Roots: Back Home to Memphis,Mercury,1973,1,
Jerry Reed,Tupelo Mississippi Flash,RCA,1974,1,
Jesse Winchester,Jesse Winchester,Bearsville,1976,1,
Jesse Winchester,"Third Down, 110 To Go",Bearsville,1972,1,
Jessi Colter,That's The Way A Cowboy Rocks and Rolls,Capitol,1978,1,
Jethro Tull,Aqualung,Reprise,1971,1,
Jim Croce,Life and Times,ABC,1973,1,
Jim Croce,You Don't Mess Around with Jim,ABC,1972,1,
Jimi Hendrix,Band of Gypsys,Capitol,1970,1,
Jimi Hendrix,Band of Gypsys 2,Capitol,1986,1,
Jimi Hendrix,Band of Gypsys/The Cry of Love,Barclay,1975,1,
Jimi Hendrix,Cosmic Feeling,Accord,1971,1,
Jimi Hendrix,First Rays of the New Rising Sun,MCA,1997,1,
Jimi Hendrix,Free Spirit,Accord,1981,1,
Jimi Hendrix,Rainbow Bridge,Reprise,1971,1,
Jimi Hendrix,Roots of Hendrix,Phoenix,1981,1,
Jimi Hendrix,The Cry of Love,Reprise,1971,1,
Jimi Hendrix,The Jimi Hendrix Collection,Unknown,1971,1,
Jimi Hendrix,Valleys of Neptune,Legacy,2010,1,
Jimi Hendrix and Curtis Knight,Get That Feeling,Birchmount,1968,1,
Jimmy Cliff,"Wonderful World, Beautiful People",A&M,1969,1,Retitled Version
Jimmy McGriff,Black and Blues,Groove Merchant,1972,1,
Joan Baez,Any Day Now,Vanguard,1968,1,
Joan Baez,From Every Stage,A&M,1976,1,
Joe Cocker,Joe Cocker,A&M,1972,1,
Joe Cocker,Joe Cocker's Greatest Hits,A&M,1977,1,
Joe Walsh,Barnstorm,ABC,1976,1,
Joe Walsh,"But Seriously, Folks",Asylum,1978,1,
Joe Walsh,"The Smoker You Drink, THe Player You Get.",ABC,1973,1,
Joe Walsh,There Goes the Neighbourhood,Asylum,1981,1,
Joe Walsh,You Can't Argue with a Sick Mind,ABC,1976,1,
John Baldry,Everything Stops for Tea,Warner Bros.,1972,1,
John Cougar,Mellencamp/Uh-huh,Riva,1983,1,
John Cougar Mellencamp,Scarecrow,Riva,1985,1,
John Hammond,Frogs for Snakes,Stony Plain,1981,1,
John Hammond,The Best of John Hammond,Vanguard,1970,1,
John Handy,Recorded Live at the Monterey Jazz Festival,Columbia,1966,1,
John Hartford,Aereo-Plain,Warner Bros.,1971,1,
John Hiatt,Slow Turning,A&M,1988,1,
John Lee Hooker,Boogie Chillun,Fantasy,1974,1,
John Lee Hooker,Burnin',Get Back,2002,1,
John Lee Hooker and Canned Heat,Boogie with Hooker n' Heat,Disques Festival,1981,1,
John Lennon,Imagine,Apple,1971,1,
John Lennon,Mind Games,Apple,1973,1,
John Lennon,Rock 'n' Roll,Apple,1975,1,
John Lennon and Yoko Ono,Double Fantasy,Geffen,1980,3,
John Mayall,A Hard Core Package,ABC,1977,1,
John Mayall,Back to the Roots,Polydor,1971,1,
John Mayall,Jazz Blues Fusion,Polydor,1972,3,
John Mayall,Looking Back,Decca,1969,1,
John Mayall,Lots of People,ABC,1977,1,
John Mayall,"New Year, New Band, New Company",ABC,1975,1,
John Mayall,The Turning Point,Polydor,1969,1,
John Mayall,Thru the Years,London,1971,1,
John Prine,Aimless Love,Oh Boy,1984,1,
John Prine,Common Sense,Atlantic,1975,1,
John Prine,Diamonds in the Rough,Atlantic,1972,1,
John Prine,German Afternoons,Oh Boy,1986,1,
John Prine,In Spite of Ourselves,Oh Boy,2016,1,
John Prine,John Prine,Atlantic,1973,1,
John Prine,Pink Cadillac,Asylum,1979,1,
John Prine,Storm Windows,Asylum,1980,1,
John Prine,Sweet Revenge,Atlantic,1973,3,
John Prine,The Tree of Forgiveness,Oh Boy,2018,1,
John Sebastian,John B. Sebastian,Reprise,1970,1,
John Stubblefield,Prelude,Storyville,1978,1,
Johnny Cash,American Recordings,American Recordings,2014,1,
Johnny Cash,American V: A Hundred Highways,American,2006,1,
Johnny Cash,At Folsom Prison,Columbia,1968,1,
Johnny Cash,Bitter Tears,Columbia,1964,1,
Johnny Cash,Hymns from the Heart,Columbia,1962,1,
Johnny Cash,I Walk the Line,Unknown,0,1,Couldn't find information online
Johnny Cash,I Would Like to See You Again,Columbia,1978,1,
Johnny Cash,Johnny Cash Today - 24 Of His Greatest Hits,K-Tel,0,1,
Johnny Cash,Johnny Cash at San Quentin,Columbia,1969,1,
Johnny Cash,"Now, There Was a Song!",Columbia,1960,1,
Johnny Cash,Songs of Our Soil,Columbia,1959,1,
Johnny Cash,Special 20 Original Hits Volume 1,K-Tel,1969,1,
Johnny Cash,The Fabulous Johnny Cash,Columbia,1958,1,
Johnny Cash,Water from the Wells of Home,Mercury,1988,1,
Johnny Cash and The Tennessee Two,Get Rhythm,Quality,1969,1,
Johnny Cash and The Tennessee Two,Story Songs of the Trains and Rivers,Get Back,2002,1,
Johnny Copeland,Make My Home Where I Hang My Hat,Rounder,1982,1,
Johnny Copeland,Texas Twister,Demon,1984,1,
Johnny Paycheck,Mr. Hag Told My Story,Epic,1981,1,
Johnny Rivers,Realization,Imperial,1968,1,
Johnny Rivers,Rewind,Imperial,1967,1,
Johnny Winter,Nothin' But the Blues,Blue Sky,1977,1,
Joni Mitchell,Blue,Reprise,1971,1,
Joni Mitchell,Court and Spark,Asylum,1974,1,
Joni Mitchell,Hejira,Elektra & Asylum,1976,1,
Joni Mitchell,Joni Mitchell,Reprise Records,1972,1,
Joni Mitchell,Ladies of the Canyon,Reprise,1969,1,
Joni Mitchell,Mingus,Asylum,1979,1,
Journey,Captured,Columbia,1981,1,
Joy of Cooking,Closer to the Ground,Capitol,1971,1,
Joy of Cooking,Joy of Cooking,Capitol,1971,1,
Judas Priest,Sad Wings of Destiny,Gull,1976,1,
Judas Priest,The Best of Judas Priest,SPI,1983,1,
Justin Hines and The Dominoes,Jezebel,Island,1976,1,
KC and the Sunshine Band,Greatest Hits,TK,1980,1,
KC and the Sunshine Band,KC and the Sunshine Band,RCA,1975,1,
Kalle Mattson,Anchors,Parliament Of Trees,2011,1,
Keef Hartley Band,Halfbreed,London,1967,1,
Keith Jarrett,"Standards, Vol.2",ECM,1985,1,
Keith Jarrett,The Köln Concert,ECM,1975,1,
Kenny Rogers,The Gambler,United Artists Group,1978,2,
Kiki Dee,Loving & Free,MCA,1973,2,
King Crimson,A Young Person's Guide to King Crimson,Atlantic,1976,1,
King Crimson,In the Court of the Crimson King,Island,1969,1,
King Crimson,In the Wake of Poseidon,Atlantic,1970,1,
Kool & the Gang,Spirit of the Boogie,De-Lite,1975,1,
Kris Kristofferson,Border Lord,Monument,1972,1,
Kris Kristofferson,Jesus was a Capricorn,Monument,1972,1,
Kris Kristofferson,Me and Bobby McGee,Monument,1974,1,
Kris Kristofferson,Shake Hands with the Devil,Columbia,1979,1,
Kris Kristofferson,Songs of Kristofferson,Columbia,1977,4,
Kris Kristofferson,Spooky Lady's Sideshow,Columbia,1974,1,
Kris Kristofferson and Rita Coolidge,Kris & Rita Full Moon,A&M,1973,1,
Labelle,Nightbirds,Columbia,1974,1,
Larry Gatlin,Now and Forever,Kelo Music,1980,1,
Laura Nyro,Season of Lights,Columbia,1977,1,
Led Zeppelin,Coda,Swan Song,1982,1,
Led Zeppelin,Houses of the Holy,Atlantic,1973,2,
Led Zeppelin,II,Atlantic,1969,1,
Led Zeppelin,In Through the Out Door,Swan Song,1979,1,
Led Zeppelin,Led Zeppelin in Concert: Stairway To Moon,Unknown,,1,
Led Zeppelin,Presence,Swan Song,1976,2,
Leigh Ashford,Kinfolk,RCA,1971,1,
Leo Kottke,6- and 12-String Guitar,Takoma,1972,1,
Leon Redbone,Double Time,Warner Bros.,1977,1,
Leon Redbone,On the Track,Warner Bros.,1975,1,
Leon Russell,Best of Leon,Shelter,1972,1,
Leon Russell,Carney,Shelter,1972,1,
Leon Russell,Leon Russell,Shelter,1970,1,
Leon Russell,Life and Love,Paradise,1979,1,
Leonard Cohen,Songs From a Room,Columbia,1969,1,
Les Baxter,Skins!,Capitol,1957,1,
Levon Helm,Levon Helm,ABC,1978,1,
Lighthouse,One Fine Morning,GRT,1971,1,
Lighthouse,Thoughts of Movin' On,GRT,1971,1,
Linda Konstadt,Canciones de mi Padre,Elektra,1987,1,
Little Feat,Feats Don't Fail Me Now,Warner Bros.,1974,1,
Little Feat,The Last Record Album,Warner Bros.,1975,2,
Little Feat,Time Loves a Hero,Warner Bros.,1977,1,
Little Richard,Little Richard Live!,Era,0,1,
Loggins and Messina,Full Sail,Columbia,1973,1,
Loggins and Messina,Native Sons,Columbia,1976,1,
Loggins and Messina,On Stage,Columbia,1974,1,
Loggins and Messina,So Fine,Columbia,1975,1,
Long John Baldry,Baldry's Out!,Capitol,1979,1,
Long John Baldry,It Ain't Easy,Warner Music,1971,2,
Long John Baldry,Long John Baldry,EMI,1980,1,
Long John Baldry,Long John's Blues,United Artists,1964,1,
Long John Baldry,Rock with the Best,Capitol,1982,1,
Los Lobos,By the Light of the Moon,Slash,1987,1,
Los Lobos,How Will the Wolf Survive,Splash,1984,1,
Lou Rawls,Let Me Be Good to You,Philadelphia International,1979,1,
Louis Armstrong,A Rare Batch of Satch,RCA,1961,1,
Louis Armstrong,Jazz Classics,Decca,1956,1,
Louis Armstrong,Pops,RCA,1987,1,
Louis Armstrong and Earl Hines,The Louis Armstrong Story - Vol. 3,Columbia,1957,1,
Louis Prima,The Wildest Show at Tahoe,Capitol,1957,1,
Luciano Pavarotti,My Own Story: Musical Highlights of his Spectacular Career,London,1981,1,
Lynyrd Skynyrd,Best of the Rest,MCA,1982,1,
Lynyrd Skynyrd,Gimme Back My Bullets,MCA,1976,1,
Lynyrd Skynyrd,Gold & Platinum,MCA,1979,1,
Lynyrd Skynyrd,Nuthin' Fancy,MCA,1975,1,
Lynyrd Skynyrd,One More from the Road,MCA,1976,1,
Lynyrd Skynyrd,Pronounced 'Leh-'nérd 'skin-'nérd,MCA,1973,1,
Lynyrd Skynyrd,Second Helping,MCA,1974,2,
Lynyrd Skynyrd,Skynyrd's First and Last,MCA,1978,1,
Lynyrd Skynyrd,Street Survivors,MCA,1977,1,Alternative Cover Version
M. Dibango,O Boso,London,1972,1,
Maclean & Maclean,Bitter Reality,GRT,1976,1,
Maclean & Maclean,Go to Hell,Attic,1983,1,
Maclean & Maclean,Suck Their Way to the Top,El Mocambo,1980,1,
Maclean & Maclean,Toilet Rock,Attic,1982,1,
Madonna,I'm Breathless,Sire,1990,1,
Madonna,Like a Prayer,Sire,1989,1,
Madonna,Like a Virgin,Sire,1984,2,
Madonna,Madonna,Sire,1983,2,
Mahavishnu Orchestra,Apocalypse,Columbia,1974,1,
Mahavishnu Orchestra,Between Nothingness & Eternity (Live),Columbia,1973,1,
Mahavishnu Orchestra,Birds of Fire,Columbia,1973,1,
Manu Dibango,O Boso,Londom,1972,1,
Maria Muldaur,Southern Winds,Warner Bros.,1978,1,
Maria Muldaur,Waitress in a Donut Shop,Reprise,1974,1,
Martha & The Vandellas,Watchout!,Gordy,1966,1,
Marty Robbins,Gunfighter Ballada and Trail Songs,Columbia,1959,1,
Marty Robbins,Hawaii's Calling Me,Columbia,1963,1,
Marvin Gaye,Live at the London Palladium,Tamia,1977,1,
Mason Proffit,Bare Back Rider,Warner Bros.,1973,1,
Matthews Southern Comfort,Later That Same Year,MCA,1971,1,
Mavis Staples,Mavis Staples: I'll Take You There (An All-Star Concert Celebration),Caroline International,2017,1,
Meat Loaf,Bat Out of Hell,Cleveland International & Epic,1977,1,
Merle Haggard,A Tribute to the Best Damn Fiddle Player in the World,Capitol,1970,1,
Merle Haggard,My Farewell to Elvis,MCA,1977,1,
Merle Haggard,Okie From Muskogee,Capitol,1969,1,
Merle Haggard,"Same Train, A Different Time",Capitol,1978,1,
Merle Haggard and George Jones,A Taste of Yesterday's Wine,Epic,1982,1,
Merle Haggard and The Strangers,Pride In What I Am,Sparton,1969,1,
Merle Haggard and The Strangers,The Roots of My Raising,Capitol,1976,1,
Michael Franks,Tiger in the Rain,Warner Bros.,1979,1,
Michael Jackson,Off the Wall,Epic,1979,1,
Michael Jackson,Thriller,Epic,1982,2,
Michael Urbaniak,Fusion,Columbia,1974,1,
Mick Jagger,She's the Boss,Columbia,1985,1,
Mickey Gilley,Biggest Hits,Epic,1982,1,
"Mike Bloomfield, Al Kooper, and Steve Stills",Super Session,Columbia,1968,1,
Mike Sarkissian and Orchestra,Turkish Delight: Music for Belly Dancing,Audio Fidelity,1976,1,
Miles Davis,A Tribute to Jack Johnson,Columbia,1967,1,
Miles Davis,At Carnegie Hall,Columbia,1962,1,
Miles Davis,Bitches Brew,Columbia,1970,1,
Miles Davis,Kind of Blue,Columbia,2010,1,
Miles Davis,Miles of Jazz,Trip,1974,1,
Miles Davis,Milestones,Columbia,1958,1,
Miles Davis,On the Corner,Columbia,1972,1,
Miles Davis,Tallest Trees,Prestige,1972,1,
Miles Davis Sextet,Someday My Prince Will Come,Columbia,1961,1,
Motörhead,Bad Magic,UDR,2015,1,
Motörhead,Death or Glory,Vinyl Passion,2013,1,
Moxy,Moxy II,Mercury,1976,1,
Muddy Waters,Hard Again,Blue Sky,1977,2,
Muddy Waters,Rolling Stone,Chess,1984,1,
Muddy Waters,The London Muddy Waters Sessions,Chess,1972,1,
Muddy Waters and The Rolling Stones,Checkerboard Lounge Live Chicago 1981,Eagle Vision,2012,1,
Murder Murder,From the Stillhouse,None,2015,1,
Murder Murder,Wicked Lines & Veins,Independent,2017,1,
Murray Head,Say It Ain't So,A&M,1975,1,
Murray Reid Group,GO Way,None,1983,1,
Nat King Cole,Stay as Sweet as You Are,Pickwick,1967,1,
Nat King Cole and Ella Fitzgerald,Nat King Cole/Ella Fitzgerald,Capitol Special Markets,0,1,
Natural Roots,Know Yourself / Ain't Got No Money,Fasim,1982,1,
Neil Diamond,Beautiful Noise,Columbia,1976,1,
Neil Diamond,Hot August Night,MCA,1972,1,
Neil Diamond,Love at the Greek,Columbia,1977,1,
Neil Diamond,Moods,MCA,1972,1,
Neil Diamond,Serenade,Columbia,1974,1,
Neil Young,After the Gold Rush,Reprise,1970,2,
Neil Young,American Stars 'n Bars,Warner Bros.,1977,1,
Neil Young,Comes a Time,Reprise,1978,2,
Neil Young,Decade,Reprise,1977,1,
Neil Young,Harvest,Reprise,1972,3,
Neil Young,Hawks & Doves,Reprise & Warner Bros.,1980,1,
Neil Young,Journey Through the Past,Warner Bros.,1972,1,
Neil Young,Neil Young,Reprise,1968,1,
Neil Young,Time Fades Away,Reprise,1973,1,
Neil Young,Trans,Geffen,1982,1,
Neil Young and Crazy Horse,Live Rust,Reprise,1979,1,
Neil Young and Crazy Horse,Rust Never Sleeps,Reprise,1973,2,
Neil Young with Crazy Horse,Everybody Knows This is Nowhere,Reprise,1969,1,
Nitty Gritty Dirt Band,All the Good Times,United Artists,1971,1,
Nitty Gritty Dirt Band,Stars and Stripes Forever,United Artists,1974,2,
Nitty Gritty Dirt Band,Symphonion Dream,United Artists,1975,1,
Original Sloth Band,WHoopee After Midnight,Woodshed,1973,1,
Oscar Peterson,Montreux '77,Original Jazz Classics,1989,1,
Osibisa,Heads,MCA,1972,1,
Osibisa,Osibirock,Warner Bros.,1975,1,
Osibisa,Woyaya,MCA,1971,1,
Otis Redding,The Jimi Hendrix Experience,Warner Bros.,1970,1,
Pat Travers,Pat Travers,Polydor,1976,1,
Patsy Cline,Patsy Cline's Golden Hits,Everest,1962,1,
Patti Austin,Live at the Bottom Line,CTI,1979,1,
Patti Smith Group,Easter,Arista,1978,1,
Paul Horn,Inside II,Epic,1972,1,
"Paul Kantner, Grace Slick, and David Freiberg",Baron von Tollbooth & The Chrome Nun,Grunt,1973,1,
Paul McCartney,Flowers in the Dirt,Capitol,1989,1,
Paul McCartney,McCartney,Apple,1970,2,
Paul McCartney,McCartney II,Columbia,1980,1,
Paul McCartney,Pipes of Peace,Columbia,1983,1,
Paul McCartney and Wings,Back to the Egg,Columbia,1979,1,
Paul McCartney and Wings,Red Rose Speedway,Apple,1973,1,
Paul McCartney and Wings,Wild Life,Apple,1971,1,
Paul McCartney and Wings,Wings at the Speed of Sound,Capitol,1976,2,
Paul Simon,Graceland,Warner Bros.,1986,1,
Paul Simon,"Greatest Hits, Etc.",Columbia,1977,1,
Paul Simon,Hearts and Bones,Warner Bros.,1983,1,
Paul Simon,Paul Simon,Columbia,1972,1,
Paul Simon,Still Crazy After All These Years,Columbia,1975,1,
Paul Simon,The Rhythm of the Saints,Warner Bros.,1990,1,
Paul and Linda McCartney,Ram,Apple,1971,1,
Pearl Bailey,The One and Only,Mercury,1957,1,
Peggy Lee,Blues Cross Country,Capitol,1962,1,
Pete Fountain,Pete Fountain,Pickwick,1966,1,
Peter Brötzmann and Bill Laswell,Low Life / Last Exit,Jazzwekstatt,2013,1,
Peter Frampton,Frampton,A&M,1975,1,
Peter Frampton,Frampton Comes Alive!,A&M,1976,2,
Peter Frampton,I'm in You,A&M,1977,1,
Peter Frampton,Somethin's Happening,A&M,1974,1,
Peter Gabriel,Peter Gabriel,Atlantic,1978,1,
Peter Gabriel,Peter Gabriel,Charisma,1980,1,
Peter Gabriel,Peter Gabriel,Atlantic,1977,1,
Peter Gabriel,Plays Live,Geffen,1983,1,
Peter Green,In the Skies,Creole,1979,2,
Peter Green,Little Dreamer,Attic,1980,2,
Peter Green,The End of The Game,Reprise,1970,1,
Peter Green,Whatcha Gonna Do?,Creole,1981,1,
Peter Tosh,Equal Rights,Columbia,1977,1,
Peter Tosh,Legalize It,Virgin & Columbia,1976,1,
Peter Tosh,Mystic Man,"Rolling Stones, EMI, & Intel Diplo",1979,1,
Pink Floyd,A Momentary Lapse of Reason,Columbia,1987,1,
Pink Floyd,A Nice Pair,Harvest,1973,1,
Pink Floyd,Animals,Columbia,1977,2,
Pink Floyd,Atom Heart Mother,Harvest,1970,1,
Pink Floyd,Delicate Sound of Thunder (Live),Columbia,1988,1,
Pink Floyd,Meddle,Harvest,1971,2,
Pink Floyd,Relics,Harvest,1982,1,
Pink Floyd,The Dark Side of the Moon,Harvest,1973,1,
Pink Floyd,The Division Bell,Parlophone,2014,1,
Pink Floyd,The Final Cut,Columbia,1983,1,
Pink Floyd,The Wall,Harvest,1979,2,
Pink Floyd,Umagumma,Harvest,1969,2,
Pink Floyd,Wish You Were Here,Columbia & Harvest,1975,2,
Powder Blues Band,Uncut,Blue Wave,1980,1,
Prince,1999,Warner Bros.,1982,1,
Prince,Around the World in a Day,Paisley Park & Warner Bros.,1985,1,
Prince,For You,Warner Bros.,1978,1,
Prince and The Revolution,Purple Rain,Warner Bros.,1984,1,
Procol Harum,Procol Harum Live in Concert with the Edmonton Symphony Orchestra,A&M,1972,1,
Queen,The Game,EMI & Elektra,1980,1,
RUN-DMC,Tougher than Leather,Profile,1988,1,
Radiodread,Easy Star All*Stars,Easy Star,2007,1,
Radiohead,The King of Limbs,"XL, TBD & Hostess",2011,1,
Rage Against the Machine,Rage Against the Machine,Epic Associated,2015,1,
Rahsaan Roland Kirk,Boogie-Woogie String Along for Real,Warner Bros.,1978,1,
Rahsaan Roland Kirk,Other Folks' Music,Atlantic,1976,1,
Randy Travis,Storms of Life,Warner Bros.,1986,1,
Rare Earth,Ecology,Ampex,1970,1,
Rare Earth,Rare Earth In Concert,Rare Earth,1971,1,
Rastus,Rastus,GRT,1971,1,
Ravi Shankar,Ravi Shankar's Festival from India,London,1967,1,
Ray Conniff,Coniff Meets Butterfield,Columbia,1959,1,
Ray Wylie Hubbard & The Cowboy Twinkies,Ray Wylie Hubbard & The Cowboy Twinkies,Warner Bros.,1975,1,
Red Beans & Rice,Red Beans & Rice Featuring Spare Ribs,Epic,1969,1,
Red Hot Chili Peppers,Stadium Arcadium,Warner Bros.,2006,1,
Rhinoceros,Satin Chickens,Elektra,1969,1,
Rica Moore,Walt Disney Presents The Story Of Goldilocks And The Three Bears,Disneyland,1963,1,
Rick James,Street Songs,Gordy,1981,1,
Ringo Starr,Bad Boy,Portrait,1978,1,
Ringo Starr,Blast from Your Past,Apple,1975,1,
Ringo Starr,Goodnight Vienna,Apple,1974,1,
Ringo Starr,Ringo,Apple,1973,1,
Rita Coolidge,The Lady's Not for Sale,A&M,1972,1,
Robbie Robertson,Robbie Robertson,Geffen,1987,1,
Robert Hunter,Tiger Rose,Round,1975,1,
Robert Plant,Manic Nirvana,Es Paranza,1990,1,
Robert Plant,Pictures at Eleven,Swan Song,1982,1,
Robert Plant,Shaken 'n' Stirred,Es Paranza,1985,2,
Robert Plant,The Principle of Moments,Atlantic,1983,1,
Rod Stewart,Absolutely Live,Warner Bros.,1982,1,
Rod Stewart,Fool Loose & Fancy Free,Warner Bros.,1977,1,
Rod Stewart,Sing It Again Rod,Mercury,1973,1,
Rod Stewart,Smiler,Mercury,1974,1,
Ronnie Hawkins,A Legend in His Spare Time,Quality,1981,1,
Ronnie Hawkins,Rock & Roll Ressurrection,Monument,1972,1,
Ronnie Hawkins,Ronnie Hawkins,Hawk,1970,1,
Ronnie Hawkins,The Hawk & Rock,Triology Records International,1982,1,
Rory Gallagher,Photo-Finish,Chrysalis,1978,1,
Rory Gallagher,Top Priority,Chrysalis,1979,1,
Roy Buchanan,Roy Buchanan,Polydor,1972,1,
Roy Buchanan,Second Album,Polydor,1973,1,
Roy Buchanan,That's What I Am Here For,Polydor,1973,1,
Roy Orbison,More of Roy Orbison's Greatest Hits,Monument,1964,1,
Roy Orbison,Roy Orbison's Greatest Hits,Monument,1962,1,
Roy Orbison,The Classic Roy Orbison,MGM,1966,1,
Roy Orbison,The Very Best of Roy Orbison,Monument,1966,1,
Rufus and Chaka Khan,Stompin' at the Savoy - Live,Warner Bros.,1983,1,
Ry Cooder,Bop Till You Drop,Warner Bros.,1979,1,
Ry Cooder,Jazz,Warner Bros.,1978,3,
Ry Cooder,Paradise and Lunch,Reprise,1974,2,
Ry Orbison,Ry Orbison Sings Lonely and Blue,Monument,1961,1,
Sade,Diamond Life,Portrait,1984,1,
Sade,Promise,Portrait,1985,1,
Sade,Stronger Than Pride,Epic,1988,1,
Sam Taylor,Blue Mist,MGM,1955,1,
Santana,Abraxas,Columbia,1970,3,
Santana,Amigos,Columbia,1976,1,
Santana,Caravanserai,Columbia,1964,2,
Santana,Festival,Columbia,1977,1,
Santana,Freedom,Columbia,1987,1,
Santana,Havana Moon,Columbia,1983,1,
Santana,Marathon,Columbia,1979,1,
Santana,Santana,Columbia,1971,2,Alternate cover version
Santana,Santana,Columbia,1969,1,
Santana,Santana's Greatest Hits,Columbia,1974,2,
Santana,Shango,Columbia,1982,1,
Santana,Welcome,Columbia,1973,1,
Sarah Vaughan,Sarah Vaughan Sings Sweet and Sultry,Masterseal,1957,1,
Sarah Vaughan and Orchestra,Sarah Vaughan and Orchestra,Royale,1956,1,
Savoy Brown,Looking in,Decca,1970,1,
Savoy Brown,Savage Return,London,1967,1,
Savoy Brown,Street Corner Talking,Parrot,1967,1,
Screaming Lord Sutch,Lord Sutch and Heavy Friends,Cotillion,1970,1,
Seasick Steve,Keepin' the Horse Between Me and the Ground,Caroline International & Bronze Rat,2016,1,
Sex Pistols,"Never Mind the Bollocks, Here's the Sex Pistols",Warner Bros.,1977,1,
Sha Na Na,The Best...,Kama Sutra,1976,1,
Shakti and John McLaughlin,A Handful of Beauty,Columbia,1977,1,
Shanana,Shanana,Karma Sutra,1971,1,
Shawn Phillips,Collaboration,A&M,1971,1,
Shel Silverstein,Inside Folk Songs,Atlantic,1963,1,
Sir Thomas Beecham,Symphony No. 7 in A Major,Capitol,0,1,
Sister Sledge,We Are Family,Cotillion,1978,1,
Sly and the Family Stone,Dance to the Music,Epic,1968,1,
Sly and the Family Stone,Greatest Hits,Epic,1970,2,
Sly and the Family Stone,There's a Riot Goin' On,Epic,1971,1,
Snoop Dogg,Doggystyle,"Death Row, Interscope, Atlantic, & Entertainment One",1993,1,
Snoop Lion,Reincarnated,"Berhane Sound System, Mad Decent, Vice, and RCA",2013,1,
Sonny Terry and Brownie McGhee,Sonny & Brownie,A&M,1973,1,
Steely Dan,Aja,ABC,1977,2,
Steely Dan,Gaucho,MCA,1980,1,
Steely Dan,Greatest Hits,ABC,1978,1,
Steely Dan,Katy Lied,ABC,1975,1,
Steely Dan,The Royal Scam,ABC,1976,1,
Stephen Stills,Illegal Stills,Columbia,1976,1,
Stephen Stills,Manassas,Atlantic,1972,1,
Stephen Stills,Stephen Stills,Atlantic,1970,1,
Stephen Stills,Stephen Stills 2,Atlantic,1971,1,
Stephen Stills,Still Stills: The Best of Stephen Stills,Atlantic,1976,1,
Stephen Stills,Stills,Columbia,1975,1,
Stephen Stills and Manassas,Down the Road,Atlantic,1973,1,
Steppenwolf,For Ladies Only,Dunhill,1971,1,
Steppenwolf,Monster,ABC Dunhill,1969,1,
Steppenwolf,Slow Flux,Mums,1974,1,
Steppenwolf,Steppenwolf Gold (Their Greatest Hits),Dunhill,1972,1,
Steppenwolf,Steppenwolf Live,Dunhill,1970,1,
Steve Miller Band,Anthology,Capitol & EMI,1972,2,
Steve Miller Band,Book of Dreams,Capitol,1977,1,
Steve Miller Band,Fly Like an Eagle,Capitol,1976,1,
Steve Miller Band,Number 5,Capitol,1970,1,
Steve Miller Band,Recall the Beginning...A Journey from Eden,Capitol,1972,1,
Steve Miller Band,The Joker,Capitol,1973,1,
Stevie Ray Vaughan and Double Trouble,Couldn't Stand the Weather,Epic,1984,1,
Stevie Ray Vaughan and Double Trouble,Live Alive,Epic,1986,1,
Stevie Ray Vaughan and Double Trouble,Soul to Soul,Epic,1985,1,
Stevie Wonder,Front Line,Motown,1982,1,
Stevie Wonder,Fufillingness' First Finale,Motown,1974,1,
Stevie Wonder,Hotter than July,Tamia,1980,1,
Stevie Wonder,Innervisions,Tamla,1973,1,
Stevie Wonder,Looking Back,Motown,1977,1,
Stevie Wonder,Talking Book,Tamla,1972,1,
Stompin' Tom Connors,Stompin' Tom Connors Sings 60 Old Time Favourites,Dominion,1972,1,
Stone Alliance,Stone Alliance,PM,1976,1,
Stray Cats,Built for Speed,EMI,1982,1,
Stray Cats,Rant N' Rave With The Stray Cats,EMI,1983,1,
Styx,Equinox,A&M,1975,1,
Sulfur City,Sulfur City,unknown,2014,1,
Supertramp,Crime of the Century,A&M,1974,1,
Supertramp,Crisis? What Crisis?,A&M,1975,1,
Supertramp,Even in the Quietest Moments...,A&M,1977,1,
Supertramp,Indelibly Stamped,A&M,1971,1,
Supertramp,Paris,A&M,1980,1,
Syrinx,Long Lost Relatives,True North,1971,1,
T. Rex,The Slider,Warner Bros.,1972,1,
Taj Mahal,Giant Step / De Ole Folks at Home,Columbia,1969,1,
Taj Mahal,Music Fuh Ya' (Musica Para Tu),Warner Bros.,1976,2,
Taj Mahal,Recycling the Blues & Other Related Stuff,Columbia,1972,1,
Taj Mahal,The Natch'l Blues,Columbia,1968,1,
Taj Mahal,The Real Thing,Columbia,1971,1,
Talking Heads,Fear of Music,Sire,1979,1,
Talking Heads,Little Creatures,Sire,1985,1,
Talking Heads,More Songs about Buildings and Food,Sire,1978,1,
Talking Heads,Remain in Light,Sire,1980,1,
Talking Heads,Speaking in Tongues,Sire,1983,2,
Talking Heads,Stop Making Sense,Sire,1984,1,
Taylor Swift,Red,Big Machine,2012,1,
Tchaikovsky,Symphony No. 5 in E minor,World Record Club,1979,1,
Tedeschi Trucks Band,Made Up Mind,Masterworks,2013,1,
Teegarden and Van Winkle,Experimental Groundwork,Westbound,1973,1,
Teegarden and Van Winkle,On Our Way,Westbound,1972,1,
Teegarden and Van Winkle,Teegarden & Van Winkle,Westbound,1970,1,
Ten Years After,Goin' Home,Chrysalis,1975,1,
Ten Years After,Positive Vibrations,Chrysalis,1974,1,
Ten Years After,Recorded Live,Chrysalis,1973,1,
Ten Years After,Ssssh,London,1967,1,
The Alan Parsons Project,Eye in the Sky,Arista,1982,1,
The Alan Parsons Project,I Robot,Arista,1977,1,
The Alan Parsons Project,Tales of Mystery and Imagination,20th Century,1976,1,
The Allman Brothers Band,At Fillmore East,Capricorn,1971,3,
The Allman Brothers Band,Beginnings,Atco,1973,1,
The Allman Brothers Band,Eat a Peach,Mercury,2016,2,
The Allman Brothers Band,Enlightened Rogues,Capricorn & Polygram,1979,2,
The Allman Brothers Band,Idlewild South,Atco,1970,1,
The Allman Brothers Band,"Win, Lose or Draw",Capricorn,1975,1,
The B-52's,Bouncing Off The Satellites,Warner Bros.,1986,1,
The B-52's,Cosmic Thing,Reprise,1989,1,
The B-52's,The B-52's,Warner Bros.,1979,2,
The Band,Moondog Matinee,Capitol,1973,1,
The Band,Music from Big Pink,Capitol,1968,1,
The Band,Northern Lights - Southern Cross,Capitol,1975,1,
The Band,Rock of Ages,Capitol,1972,1,
The Band,Stage Fright,Capitol,1970,1,
The Band,The Band,Capitol,1969,1,
The Band,The Last Waltz,Warner Bros.,1978,1,
The Beach Boys,All Summer Long,EMI,1964,1,
The Beach Boys,Endless Summer,Capitol,1974,1,
The Beach Boys,Good Vibrations: Best of The Beach Boys,Brother,1975,1,
The Beach Boys,Holland,Brother & Reprise,1973,1,
The Beach Boys,Little Deuce Coupe,Capitol,1963,1,
The Beach Boys,Made in U.S.A.,Capitol,1986,1,
The Beach Boys,Spirit of America,Capitol,1975,1,
The Beach Boys,Summer Fun,Tee Vee,1979,1,
The Beach Boys,Surf's Up,Brother & Reprise,1971,1,
The Beach Boys,The Beach Boys' Christmas Album,Capitol,1964,1,
The Beatles,1962-1966,Apple,1973,1,
The Beatles,1967-1970,Apple,1973,1,
The Beatles,A Hard Day's Night,Parlophone,1964,1,
The Beatles,Abbey Road,Apple,1969,1,
The Beatles,Hey Jude,Apple,1970,2,
The Beatles,Love Songs,Capitol,1977,1,
The Beatles,Rubber Soul,Capitol,1965,1,
The Beatles,Sgt. Pepper's Lonely Hearts Club Band,Parlophone,1967,3,
The Beatles,The Beatles,Apple,1968,3,
The Beatles,Twist and Shout,Capitol,1964,1,
The Black Keys,Attack & Release,Nonesuch,2008,1,
The Black Keys,Brothers,Nonesuch,2010,1,
The Black Keys,El Camino,Nonesuch,2011,1,
The Blues Project,Blues Project,Capitol,1972,1,
The Bob Seger System,Ramblin' Gamblin' Man,Capitol,1977,1,
The Butterfield Blues Band,Sometimes I Just Feel Like Smilin',Elektra,1971,1,
The Byrds,Mr. Tambourine Man,Columbia,1965,1,
The Cars,The Cars,Elektra,1978,1,
The Chamber Brothers,A New Time - A New Day,Columbia,1968,1,
The Chambers Brothers,"Love, Peace, and Happiness",Columbia,1969,1,
The Charlie Daniels Band,A Decade of Hits,Epic,1983,1,
The Charlie Daniels Band,Fire on the Mountain,Epic,1974,3,
The Charlie Daniels Band,Full Moon,Epic,1980,3,
The Charlie Daniels Band,High Lonesome,Epic,1976,1,
The Charlie Daniels Band,Midnight Wind,Epic,1977,1,
The Charlie Daniels Band,Million Mile Reflections,Epic,1979,1,
The Charlie Daniels Band,Nightrider,Epic,1975,1,
The Charlie Daniels Band,Saddle Tramp,Epic,1976,1,
The Charlie Daniels Band,Whiskey,Epic,1977,1,
The Charlie Daniels Band,Windows,Epic,1982,1,
The Chipmunks,Christmas with the Chipmunks,Mistletoe,1975,1,
The Chuck Mangione Quartet,Alive!,Mercury,1967,1,
The Chuck Mangione Quartet,The Chuck Mangione Quartet,Mercury,1972,2,
The Clash,Fury,Creative Artistry,1989,1,
The Climax Chicago Blues Band,The Climax Blues Band Plays On,Sire,1969,1,
The Crazy World of Arthur Brown,Fire,Polydor,1973,1,
The Cult,Electric,Beggars Banquet & Sire,1987,1,
The Cult,Love,Beggars Banquet,1985,1,
The Dave Clark Five,Everybody Knows,Capitol,0,1,
The Dirty Blues Band,Stone Dirt,Bluesway,1968,1,
The Doobie Brothers,Best of The Doobies,Warner Bros.,1976,1,
The Doobie Brothers,The Captain and Me,Warner Bros.,1973,2,
The Doors,13,Elektra,1970,1,
The Doors,Absolutely LIVE,Elektra,1970,1,
The Doors,Classics,Elektra,1985,1,
The Doors,Greatest Hits,Elektra,1980,1,
The Doors,L.A. Woman,Elektra,1971,2,
The Doors,Live at the Hollywood Bowl,Elektra,1987,1,
The Doors,Morrison Hotel,Elektra,1970,1,
The Doors,Strange Days,Elektra,1967,1,
The Doors,The Doors,Elektra,1967,1,
The Doors,Waiting for the Sun,Elektra,1968,1,
The Eric Burdon Band,Sun Secrets,Capitol,1974,1,
The Everly Brothers,A Date with The Everly Brothers,Warner Bros.,1961,2,
The Everly Brothers,Christmas with The Everly Brothers and the Boys Town Choir,Warner Bros.,1962,1,
The Everly Brothers,The Hit Sound of the Everly Brothers,Warner Bros.,1967,1,
The Everly Brothers,The Very Best of The Everly Brothers,Warner Bros.,1963,1,
The Fabulous Thunderbirds,Hot Number,CBS,1987,1,
The Fabulous Thunderbirds,Powerful Stuff,CBS,1989,1,
The Fabulous Thunderbirds,Tuff Enuff,Slash & Warner Bros.,1986,1,
The Four Seasons,Edizone D'oro (Gold Edition) 29 Gold Hits,Phillips,0,1,
The Four Seasons,Story,Private Stock,1975,1,
The Gerald Wilson Orchestra,Live and Swinging,Pacific,1967,1,
The Grateful Dead,American Beauty,Warner Bros.,1970,1,
The Gregg Allman Band,I'm No Angel,Epic,1987,1,
The Gregg Allman Band,Playin' Up A Storm,Capricorn,1977,1,
The Guess Who,The Best of The Guess Who,RCA,1971,1,
The Guess Who,The Best of The Guess Who Volume II,RCA,1973,1,
The Isley Brothers,The Heat is On,T-Neck,1975,1,
The Isley Brothers,The Isleys Live,T-Neck,1973,1,
The J. Geils Band,Best of The J. Geils Band Two,Atlantic,1980,1,
The J. Geils Band,Live Full House,Atlantic,1972,1,
The J. Geils Band,Love Stinks,EMI,1980,1,
The Jacksons,Blame it on the Boogie (Single),Attic,1978,1,
The James Cotton Band,100% Cotton,Buddah,1974,1,
The Jeff Healey Band,See the Light,Arista,1988,1,
The Jimi Hendrix Experience,Are You Experienced,Track,2010,1,Alternate cover version. (Later release)
The Jimi Hendrix Experience,Electric Layland,Reprise,1968,1,
The Jimi Hendrix Experience,Live at Berkeley,Legacy,2012,1,
The Jimi Hendrix Experience,Smash Hits,Track,1968,2,
The Kinks,Kinda Kinks,Marble Arch,1969,1,
The Kinks,Kinks Greatest Hits,Marble Arch,1971,1,
The Kinks,"Lola versus Powerman and The Moneygoround, Part One",Pye,1970,1,
The Kinks,Preservation Act 1,Pickwick,1980,1,
The Kinks,State of Confusion,Artista,1983,1,
The Lovin' Spoonful,The Best of The Lovin' Spoonful,Karma Sutra,1967,1,
The Mahavishnu Orchestra and John McLaughlin,The Inner Mounting Flame,Columbia,1967,1,
The Majestics,The Soul King Otis Redding: A Tribute,Arc,1969,1,
The Mamas & The Papas,Farewell to the First Golden Era,RCA,1967,1,
The Marshall Tucker Band,Carolina Dreams,Capricorn,1977,1,
The Marshall Tucker Band,Where We All Belong,Capricorn,1974,1,
The Miles Davis Sextet and The Thelonious Monk Quartet,Miles & Monk at Newport,Columbia,2013,1,
The Modern Jazz Quartet,The Modern Jazz Quartet Plays Jazz Classics,Prestige,1972,1,
The Moody Blues,A Question of Balance,Threshold,1970,1,
The Moody Blues,Every Good Boy Deserves Favour,Threshold,1971,1,
The Moody Blues,Long Distance Voyager,Threshold,1981,1,
The Moody Blues,On the Threshold of a Dream,Deram,1969,1,
The Moody Blues,This is the Moody Blues,Threshold,1974,1,
The Mothers,Filmore East - June 1971,Bizarre,1971,1,
The Mothers of Invention,Absolutely Free,Verve,1967,1,
The Mothers of Invention,Freak Out!,Verve,1966,1,
The Neville Brothers,Neville-Ization,Zensor,1985,1,
The Neville Brothers,Yellow Moon,A&M,1989,1,
The Oak Ridge Boys,Fancy Free,MCA,1981,1,
The Ozark Mountain Daredevils,Don't Look Down,A&M,1977,1,
The Ozark Mountain Daredevils,It'll Shine When it Shines,A&M,1974,1,
The Ozark Mountain Daredevils,Men From Earth,A&M,1976,1,
The Ozark Mountain Daredevils,The Car Over The Lake Album,A&M,1975,1,
The Ozark Mountain Daredevils,The Ozark Mountain Daredevils,A&M,1973,1,
The Ozark Mountain Devils,Men From Earth,A&M,1976,1,
The Paul Butterfield Blues Band,The Paul Butterfield Blues Band,Elektra,1965,1,
The Platters,Only You - The One and Only Original Platters 10 Big Hits,Birchmount,1973,1,
The Pointer Sisters,That's a Plenty,Blue Thumb,1974,1,
The Pointer Sisters,The Pointer Sisters,Blue Thumb,1973,1,
The Police,Reggatta de Blanc,A&M,1979,1,
The Pretenders,Get Close,Real & Sire,1986,1,
The Pretenders,Learning to Crawl,Sire,1984,1,
The Rip Chords,Three Window Coupe,Columbia,1964,1,
The Robert Cray Band,Don't Be Afraid of the Dark,Mercury,1988,2,
The Robert Cray Band,Strong Persuader,Polygram,1986,1,
The Rolling Stones,30 Greatest Hits,Abkco,1977,1,
The Rolling Stones,Beggars Banquet,London,1968,1,
The Rolling Stones,Between the Buttons,London,1967,2,
The Rolling Stones,Big Hits (High Tide and Green Grass),London,1966,1,
The Rolling Stones,Black and Blue,Rolling Stones,1976,1,
The Rolling Stones,Emotional Rescue,Rolling Stones,1980,1,
The Rolling Stones,England's Newest Hit Makers,London,1964,1,
The Rolling Stones,Exile on Main St.,Rolling Stones,1972,1,
The Rolling Stones,From the Vault: European Tour 1982,Unknown,2015,1,
The Rolling Stones,Get Yer Ya-Ya's Out! The Rolling Stones in Concert,Decca,1970,1,
The Rolling Stones,Goats Head Soup,Rolling Stones,1973,1,
The Rolling Stones,Hot Rocks 1964-1971,London,1967,1,
The Rolling Stones,It's Only Rock 'n Roll,Rolling Stones,1974,1,
The Rolling Stones,Let it Bleed,Abcko,2003,1,
The Rolling Stones,Love You Live,Rolling Stones,1977,1,
The Rolling Stones,Made in the Shade,Rolling Stones,1975,1,
The Rolling Stones,More Hot Rocks (Big Hits & Fazed Cookies),London,1972,1,
The Rolling Stones,Out of Our Heads,Decca,1965,1,
The Rolling Stones,Some Girls,Rolling Stones,1978,2,
The Rolling Stones,Sticky Fingers,Rolling Stones,1971,1,
The Rolling Stones,Still Life,Rolling Stones,1982,1,
The Rolling Stones,Stone Age,Decca,1971,1,
The Rolling Stones,Sucking in the Seventies,Rolling Stones,1981,1,
The Rolling Stones,Tattoo You,Rolling Stones,1981,1,
The Rolling Stones,"Through the Past, Darkly (Big Hits Vol. 2)",London,1969,1,
The Rolling Stones,Undercover,Rolling Stones,1983,2,
The Rolling Stones,Will Keith Wake Up In Time For The Afternoon Show In Perth Australia 24/2/1973??,Human Riff,1976,1,
The Sadies,New Seasons,Yep Roc,2007,1,
The Siegel-Schwall Band,The Last Summer (Live),RCA,1974,1,
The Staple Singers,Bealtitude: Respect Yourself,Stax,1972,1,
The Stills-Young Band,Long May You Run,Reprise,1976,1,
The Stone Poneys,Evergreen Vol. 2,Capitol,1967,1,
The Stylistics,Let's Put it All Together,Avco,1974,1,
The Surfmen,The Romantic Lure Of Hawaii (Exotic Sounds Of The Surfmen),Somerset,1963,1,
The Surfsiders,The Surfsiders Sing The Beach Boys Songbook,Design,1965,1,
The Tragically Hip,Fully Completely,MCA,2014,1,Reissue Edition
The Traveling Wilburys,The Traveling Wilburys Vol. 1,Wilbury,1988,2,
The Velvet Underground & Nico,The Velvet Underground & Nico,Verve,1967,1,
The Ventures,Let's Go,Dolton,1963,1,
The Ventures,The Very Best of The Ventures,United Artists,1975,1,
The Walt Disney Players,An Adaptation of Dickens' Christmas Carol,Disneyland,1974,1,
The White Stripes,Elephant,V2,2003,1,
The White Stripes,Icky Thump,Third Man & Warner Bros.,2007,1,
The White Stripes,White Blood Cells,Third Man,2010,1,
The Who,The Who Sell Out,Track,1967,1,
The Yardbirds,Little Games,Epic,1967,1,
The Yardbirds,Shapes of Things,Unknown,1977,1,
The Youngbloods,"Get Together ""The Youngbloods First Album""",RCA,1969,1,
Thelma Houston,Don't Leave Me This Way,Motown,1976,1,
Thelonious Monk,Monk,Prestige,1972,1,
Them and Van Morrison,Them Featuring Van Morrison,Parrot,1972,1,
Thievery Corporation,The Richest Man in Babylon,ESL,2002,1,
Thievery Corporation,The Temple of I & I,ESL,2017,1,
Thin Lizzy,Bad Reputation,Vertigo,1977,1,
Thin Lizzy,Fighting,Mercury,1975,1,
Thin Lizzy,Johnny the Fox,Vertigo,1976,1,
Three Dog Night,Harmony,Dunhill,1971,1,
Tim Weisberg,Hurtwood Edge,A&M,1972,1,
Tina Turner,Private Dancer,Capitol,1984,2,
Tom Petty and the Heartbreakers,Damn the Torpedoes,"Backstreet, MCA, & Geffen",1979,1,
Tom Petty and the Heartbreakers,Hard Promises,Backstreet,1981,1,
Tom Waits,Alice,ANTI-,2002,1,
Tom Waits,Big Time,Island,1988,1,
Tom Waits,Blood Money,Anti-,2002,1,
Tom Waits,Blue Valentine,Asylum,1978,1,
Tom Waits,Closing Time,Asylum,1973,1,
Tom Waits,Glitter and Doom LIVE,ANTI-,2009,1,
Tom Waits,Mule Variations,Anti-,1999,1,
Tom Waits,Nighthawks at the Diner,Asylum,1975,1,
Tom Waits,Rain Dogs,Island,1985,1,
Tom Waits,Romeo Bleeding: Live From Austin,Immortal,2009,1,
Tom Waits,Swordfishtrombones,Island,1983,2,
Tom Waits,The Heart of Saturday Night,Asylum,1974,1,
Tommy Dorsey,Yes Indeed!,RCA,1956,1,
Tommy and the Commies,Here Come,Solvenly,2010,1,
Tony Joe White,Hoodoo,Swamp,2013,1,
Tony Scott,Music for Yoga Meditation and Other Joys,Verve,1968,2,
Tower of Power,Bump City,Warner Bros.,1972,1,
Tracy Chapman,Tracy Chapman,Elektra,1988,1,
Traffic,Best of Traffic,Island,1974,1,
Traffic,John Barleycorn Must Die,Island,1970,1,
Traffic,On the Road,Island,1973,1,
Traffic,Shoot Out at the Fantasy Factory,Island,1973,1,
Traffic,Welcome to the Canteen,Island,1971,2,
U2,Desire,Island,1988,1,
U2,Rattle and Hum,Island,1988,1,
U2,The Joshua Tree,Island,1987,2,
U2,The Unforgettable Fire,Island,1984,1,
U2,Under a Blood Red Sky (Live),Island,1983,1,
U2,War,Island,1983,1,
UB40,Labour of Love,Virgin,1983,1,
Unknown,Masters of the Universe,Kid Stuff,1983,1,
Uriah Heep,Demons and Wizards,Mercury,1972,1,
Uriah Heep,Look at Yourself,Mercury,1971,1,
Uriah Heep,The Magician's Birthday,Mercury,1972,1,
Valdy,Country Man,A&M,1972,1,
Valdy,Family Gathering,A&M,1974,1,
Valdy,Hot Rocks,A&M,1978,1,
Valdy,Landscapes,Haida,1973,1,
Valdy,Valdy and the Hometown Band,A&M,1976,1,
Van Halen,1984,Warner Bros.,1984,1,
Van Morrison,A Period of Transition,Warner Bros.,1977,1,
Van Morrison,Beautiful Vision,Warner Bros.,1982,1,
Van Morrison,Common One,Mercury & Warner Bros.,1980,2,
Van Morrison,His Band and the Street Choir,Warner Bros.,1970,1,
Van Morrison,Inarticulate Speech of the Heart,Warner Bros.,1983,1,
Van Morrison,Into the Music,Mercury,1979,1,
Van Morrison,It's Too Late to Stop Now,Polydor,1989,2,
Van Morrison,Live at the Grand Opera House Belfast,Mercury,1984,1,
Van Morrison,Moondance,Warner Bros.,1970,3,
Van Morrison,"No Guru, No Method, No Teacher",Mercury,1986,2,
Van Morrison,Poetic Champions Compose,Mercury,1987,2,
Van Morrison,Saint Dominic's Preview,Warner Bros.,1972,1,
Van Morrison,The Best of Van Morrison,Bang,1990,1,
Van Morrison,Tupelo Honey,Warner Bros.,1971,2,
Van Morrison,Wavelength,Warner Bros.,1978,1,
Vanilla Fudge,Near the Beginning,Atco,1969,1,
Vanilla Fudge,Renaissance,Atco,1968,1,
Vanilla Fudge,Rock & Roll,Atco,1969,1,
Various,(Find Enclosed) The Last Of C.E. Jones,Creative Electronics Sound Studio,1975,1,
Various,Back to Cool,Capitol,1969,1,
Various,Banded Together,Epic,1979,1,
Various,Bluegrass Special,Birchmount,1976,1,
Various,Call it Quebec Jazz,Les Disques Cadence Inc.,1981,1,
Various,Christmas Down Home,CBS,1981,1,
Various,Chuck and His Friends,Aristocrat,1974,1,
Various,Copulatin' Blues Volume One,Stash,1976,1,
Various,Disco Dancing,Precision,1979,1,
Various,Disco Disc,"Warner, Elektra, and Atlantic",0,1,
Various,Echoes of a Rock Era: The Early Years,Roulette,1971,1,
Various,Fathers & Sons,Chess,1969,1,
Various,Go with the Greats,National Academy or Recording Arts and Sciences,1962,1,
Various,Golden Anniversary Album,RCA,1961,1,
Various,Greatest Country Hits of the 70's,Columbia,1980,1,
Various,Hi-Fi Jazz Session,Masterseal,1957,1,
Various,I Giganti Del Jazz Vol. 17,Curcio,1980,1,
Various,I Giganti Del Jazz Vol. 2,Curcio,1980,1,
Various,Jazz Giants,Curcio,1980,2,
Various,Jazz Giants,Curcio,0,1,
Various,Kings of Swing,Pickwick International,0,1,
Various,Medicine Ball Caravan,Warner Bros.,1971,1,
Various,Miami Vice,MCA,1984,1,
Various,Original Motion Picture Soundtrack - More American Graffiti,MCA,1979,1,
Various,"Piano Concerto No.2 In B-Flat Major, Op. 19 / Choral Fantasy In C Minor, Op. 80",Turnabout,1972,1,
Various,Reminiscence,RCA Victor,0,1,
Various,Robin Hood Story and Songs,Disneyland,1973,1,
Various,Stand By Me (Original Motion Picture Soundtrack),Atlantic,1986,1,
Various,The Legend of Jesse James,A&M,1980,1,
Various,The Music People,Columbia,1972,1,
Various,The Winning Hand,Monument,1982,1,
Various,The Wrestling Album,Epic,1985,1,
Various,Western Favourites,Coronet,0,1,
Various,Where Fortune Smiles,Dawn,1971,1,
Various,Woodstock: Music From the Original Soundtrack and More,Cotillion,1970,1,
Vassar Clements,The Bluegrass Session,Flying Fish,1977,1,
Virgil Fox,Bach Live at Filmore East,Decca,1971,1,
Virgil Fox,Heavy Organ (Bach Live in San Francisco Pablo Light Show),Decca,1972,1,
Walt Disney,Winnie the Pooh and the Blustery Day,Disneyland,1967,1,
Walter Klein,Beethoven: Sonatas,Yorkshire,0,1,
War,All Day Music,United Artists,1971,2,
War,The World is a Ghetto,United Artists,1972,1,
War,War Live,United Artists,1973,1,
War,Why Can't We Be Friends?,United Artists,1975,2,
Warren Haynes and Railroad Earth,Ashes & Dust,Concord,2015,1,
Waylon Jennings,A Man Called Hoss,MCA,1987,1,
Waylon Jennings,Black on Black,RCA,1982,1,
Waylon Jennings,Dreaming My Dreams,RCA,1975,1,
Waylon Jennings,Greatest Hits,RCA,1979,2,
Waylon Jennings,Music Man,RCA,1980,1,
Waylon Jennings,Never Could Toe the Mark,RCA,1984,1,
Waylon Jennings,Only Daddy That'll Walk the Line,RCA,1974,1,
Waylon Jennings,The Hits of Waylon Jennings,RCA,1976,1,
Waylon Jennings,The Ramblin' Man,RCA,1974,1,
Waylon Jennings,What Goes Around Comes Around,RCA,1972,1,
Waylon Jennings,Will the Wolf Survive,MCA,1986,1,
Waylon Jennings and Willie Nelson,WWII,RCA,1982,1,
Waylon Jennings and Willie Nelson,Waylon & Willie,RCA,1978,1,
"Waylon Jennings, Willie Nelson, Jessi Colter, and Tompall Glaser",Wanted! The Outlaws,RCA,1976,1,
Waylon and Jessi,Leather and Lace,RCA,1981,1,
Willie Nelson,Always On My Mind,Columbia,1982,2,
Willie Nelson,City of New Orleans,Columbia,1984,2,
Willie Nelson,His Original Hits,Showcase of Musical Entertainment,1982,1,
Willie Nelson,His Very Best,Columbia,1980,1,
Willie Nelson,I Gotta Get Drunk (Live),RCA,1976,1,
Willie Nelson,Pretty Paper,Columbia,1979,1,
Willie Nelson,Red Headed Stranger,Columbia,1975,3,
Willie Nelson,Somewhere Over the Rainbow,Columbia,1981,1,
Willie Nelson,Sweet Memories,RCA,1979,1,
Willie Nelson,The Troublemaker,Columbia,1976,1,
Willie Nelson,To Lefty from Willie,Columbia,1977,1,
Willie Nelson,Tougher than Leather,Columbia,1983,1,
Willie Nelson,Willie Nelson Sings Kristofferson,Columbia,1979,1,
Willie Nelson,Willie and Family Live,Columbia,1978,1,
Willie Nelson,Willie/Before His Time,RCA,1977,1,
Willie Nelson,Without a Song,Columbia,1983,3,
Willie Nelson and Ray Price,San Antonio Rose,Columbia,1980,1,
Willie Nelson and leon Russell,One for the Road,Columbia,1979,1,
Willie P. Bennett,Hobo's Taunt,Woodshed,1977,1,
Wilson Pickett,The Best of Wilson Pickett,Atlantic,1967,1,
Wishbone Ash,Argus,Decca,1972,2,
Xavier Alberto & His Orchestra,Brazil Today featuring Guantanamera,Crown,0,1,
Yes,Classic Yes,Atlantic,1981,1,
Yes,Close to the Edge,Atlantic,1972,1,
Yvonne Elliman,Yvonne Elliman,MCA,1972,1,
ZZ Top,Afterburner,Warner Bros.,1985,1,
ZZ Top,Degüello,Warner Bros.,1979,1,
ZZ Top,El Loco,Warner Bros.,1981,2,
ZZ Top,Fandango!,London,1975,2,
ZZ Top,La Futura,American Recordings,2012,1,
ZZ Top,Live! Greatest Hits from Around the World,Suretone,2016,1,
ZZ Top,Rio Grande Mud,London,1972,1,
ZZ Top,Tejas,London,1976,1,
ZZ Top,The Best of ZZ Top,London,1977,1,
ZZ Top,Tres Hombres,London,1973,2,
ZZ Top,ZZ Top,London,1976,1,
Ziggy Marley and the Melody Makers,One Bright Day,Virgin America,1989,1,
Zzebra,Panic,Polydor,1975,2,
Zzebra,Zzebra,Polydor,1974,1,
